cluster_id,n_cells,mean_activity_share,dominant_admin_dong,gu_code,gu,hotspot_ko,hotspot_category,hotspot,n_hotspot_polygons_containing,touches_center,adjacent_centers
1,54,0.7713,11440660,11440,Mapo,홍대입구역(2호선),인구밀집지역,Hongik University Station,1,true,신촌지역중심(서북권) [지역중심] 42; 합정지구중심(서북권) [지구중심] 15; 남가좌지구중심(서북권) [지구중심] 1
2,37,0.6517,11200550,11200,Seongdong,뚝섬역,인구밀집지역,Ttukseom Station,1,true,성수지역중심(동북권) [지역중심] 20; 청량리왕십리광역중심(동북권) [광역중심] 14
3,29,0.7254,11680510,11680,Gangnam,압구정로데오거리,발달상권,Apgujeong Rodeo Street,1,true,강남도심(동남권) [도심] 40
4,19,0.7428,11500620,11500,Gangseo,김포공항,발달상권,Gimpo Airport,1,true,공항지구중심(서남권) [지구중심] 2
5,16,0.734,11170685,11170,Yongsan,이태원 관광특구,관광특구,Itaewon Special Tourist Zone,1,true,한남지구중심(도심권) [지구중심] 5
6,15,0.6553,11650651,11650,Seocho,,,--,0,true,강남도심(동남권) [도심] 1
7,12,0.7535,11620585,11620,Gwanak,,,--,0,true,봉천지역중심(서남권) [지역중심] 15
8,12,0.7226,11230740,11230,Dongdaemun,,,--,0,false,""
9,12,0.655,11290600,11290,Seongbuk,,,--,0,false,""
10,11,0.8613,11215710,11215,Gwangjin,,,--,0,true,성수지역중심(동북권) [지역중심] 8
11,11,0.6627,11140615,11140,Jung,,,--,0,true,한양도성도심(도심권) [도심] 8; 동대문지역중심(도심권) [지역중심] 7
12,11,0.8421,11560620,11560,Yeongdeungpo,,,--,0,true,당산지구중심(서남권) [지구중심] 6
13,11,0.7323,11650530,11650,Seocho,,,--,0,true,강남도심(동남권) [도심] 15
14,9,0.7159,11620645,11620,Gwanak,,,--,0,true,신림지구중심(서남권) [지구중심] 8; 봉천지역중심(서남권) [지역중심] 3
15,9,0.7634,11545610,11545,Geumcheon,,,--,0,true,가산대림광역중심(서남권) [광역중심] 13; 독산지구중심(서남권) [지구중심] 5
16,7,0.7638,11410565,11410,Seodaemun,충정로역,인구밀집지역,Chungjeongno Station,1,true,한양도성도심(도심권) [도심] 10
17,7,0.6569,11620685,11620,Gwanak,,,--,0,true,난곡사거리지구중심(서남권) [지구중심] 3
18,7,0.8136,11710566,11710,Songpa,잠실 관광특구,관광특구,Jamsil Special Tourist Zone,2,false,""
19,6,0.6888,11710562,11710,Songpa,,,--,0,true,잠실광역중심(동남권) [광역중심] 14
20,6,0.6828,11215780,11215,Gwangjin,,,--,0,true,군자지구중심(동북권) [지구중심] 8
21,6,0.8522,11620665,11620,Gwanak,,,--,0,true,미림지구중심(서남권) [지구중심] 13
22,6,0.8449,11710520,11710,Songpa,,,--,0,false,""
23,6,0.6401,11215850,11215,Gwangjin,,,--,0,true,구의지구중심(동북권) [지구중심] 8; 성수지역중심(동북권) [지역중심] 1
24,5,0.6089,11620725,11620,Gwanak,,,--,0,true,가산대림광역중심(서남권) [광역중심] 8; 난곡사거리지구중심(서남권) [지구중심] 1
25,5,0.7049,11650550,11650,Seocho,,,--,0,false,""
26,5,0.6972,11590605,11590,Dongjak,,,--,0,false,""
27,5,0.6482,11170520,11170,Yongsan,,,--,0,false,""
28,5,0.6429,11170555,11170,Yongsan,,,--,0,true,용산광역중심(도심권) [광역중심] 6
